{
  "M4": {
    "modulo": "M4",
    "algoritmo": "SMAC BlackBox (GP+EI)",
    "costo_incumbente": 230.7969,
    "tiempo_seg": 11114.47,
    "n_evaluaciones": 40,
    "incumbente": {
      "cupos_ecografia_matrona": 25,
      "cupos_ecografia_ugd": 23,
      "cupos_laboratorio_ugd": 67,
      "dias_publicacion": 2,
      "horas_control_post": 51,
      "horas_especialista_1ra": 19,
      "num_agentes_ugd": 1,
      "num_matronas": 2,
      "pct_bloqueo_1ra": 0.08942,
      "pct_bloqueo_post_control": 0.058328,
      "pct_consultas_vacias": 0.062092,
      "pct_no_contactabilidad": 0.071924
    },
    "conv_eval": [
      [
        2,
        285.4656
      ],
      [
        4,
        285.4656
      ],
      [
        6,
        262.3298
      ],
      [
        8,
        261.7873
      ],
      [
        10,
        261.7873
      ],
      [
        12,
        242.1374
      ],
      [
        14,
        239.8199
      ],
      [
        16,
        239.8199
      ],
      [
        18,
        239.8199
      ],
      [
        20,
        239.8199
      ],
      [
        22,
        239.8199
      ],
      [
        24,
        239.8199
      ],
      [
        26,
        239.8199
      ],
      [
        28,
        239.8199
      ],
      [
        30,
        229.9706
      ],
      [
        32,
        226.3774
      ],
      [
        34,
        226.3774
      ],
      [
        36,
        226.3774
      ],
      [
        38,
        226.3774
      ],
      [
        40,
        226.3774
      ]
    ],
    "conv_time": [
      [
        555.7235,
        285.4656
      ],
      [
        1111.447,
        285.4656
      ],
      [
        1667.1704999999997,
        262.3298
      ],
      [
        2222.894,
        261.7873
      ],
      [
        2778.6175,
        261.7873
      ],
      [
        3334.3409999999994,
        242.1374
      ],
      [
        3890.0644999999995,
        239.8199
      ],
      [
        4445.788,
        239.8199
      ],
      [
        5001.5115,
        239.8199
      ],
      [
        5557.235,
        239.8199
      ],
      [
        6112.9585,
        239.8199
      ],
      [
        6668.681999999999,
        239.8199
      ],
      [
        7224.405499999999,
        239.8199
      ],
      [
        7780.128999999999,
        239.8199
      ],
      [
        8335.852499999999,
        229.9706
      ],
      [
        8891.576,
        226.3774
      ],
      [
        9447.2995,
        226.3774
      ],
      [
        10003.023,
        226.3774
      ],
      [
        10558.7465,
        226.3774
      ],
      [
        11114.47,
        226.3774
      ]
    ]
  },
  "M13": {
    "modulo": "M13",
    "algoritmo": "SPSA",
    "costo_incumbente": 219.3787,
    "tiempo_seg": 31150.23,
    "n_evaluaciones": 310,
    "incumbente": {
      "cupos_ecografia_matrona": 50,
      "cupos_ecografia_ugd": 10,
      "cupos_laboratorio_ugd": 100,
      "dias_publicacion": 1,
      "horas_control_post": 20,
      "horas_especialista_1ra": 30,
      "num_agentes_ugd": 1,
      "num_matronas": 1,
      "pct_bloqueo_1ra": 0.05,
      "pct_bloqueo_post_control": 0.05,
      "pct_consultas_vacias": 0.5,
      "pct_no_contactabilidad": 0.05
    },
    "conv_eval": [
      [
        10,
        270.7279
      ],
      [
        20,
        235.3862
      ],
      [
        30,
        235.3862
      ],
      [
        40,
        235.3862
      ],
      [
        50,
        235.3862
      ],
      [
        60,
        235.3862
      ],
      [
        70,
        235.3862
      ],
      [
        80,
        235.3862
      ],
      [
        90,
        235.3862
      ],
      [
        100,
        235.3862
      ],
      [
        110,
        222.0274
      ],
      [
        120,
        222.0274
      ],
      [
        130,
        222.0274
      ],
      [
        140,
        222.0274
      ],
      [
        150,
        222.0274
      ],
      [
        160,
        222.0274
      ],
      [
        170,
        222.0274
      ],
      [
        180,
        222.0274
      ],
      [
        190,
        222.0274
      ],
      [
        200,
        222.0274
      ],
      [
        210,
        222.0274
      ],
      [
        220,
        219.3787
      ],
      [
        230,
        219.3787
      ],
      [
        240,
        219.3787
      ],
      [
        250,
        219.3787
      ],
      [
        260,
        219.3787
      ],
      [
        270,
        219.3787
      ],
      [
        280,
        219.3787
      ],
      [
        290,
        219.3787
      ],
      [
        300,
        219.3787
      ],
      [
        310,
        219.3787
      ]
    ],
    "conv_time": [
      [
        0.0,
        270.7279
      ],
      [
        1418.89,
        235.3862
      ],
      [
        2795.94,
        235.3862
      ],
      [
        3284.14,
        235.3862
      ],
      [
        4142.47,
        235.3862
      ],
      [
        5567.7,
        235.3862
      ],
      [
        6964.98,
        235.3862
      ],
      [
        8106.92,
        235.3862
      ],
      [
        8540.76,
        235.3862
      ],
      [
        9056.79,
        235.3862
      ],
      [
        9906.71,
        222.0274
      ],
      [
        11062.79,
        222.0274
      ],
      [
        12127.21,
        222.0274
      ],
      [
        12950.52,
        222.0274
      ],
      [
        13943.5,
        222.0274
      ],
      [
        15316.53,
        222.0274
      ],
      [
        16998.94,
        222.0274
      ],
      [
        18463.1,
        222.0274
      ],
      [
        19751.68,
        222.0274
      ],
      [
        20672.33,
        222.0274
      ],
      [
        21901.42,
        222.0274
      ],
      [
        22615.01,
        219.3787
      ],
      [
        23740.46,
        219.3787
      ],
      [
        24822.41,
        219.3787
      ],
      [
        25721.32,
        219.3787
      ],
      [
        26253.59,
        219.3787
      ],
      [
        26880.42,
        219.3787
      ],
      [
        27565.7,
        219.3787
      ],
      [
        28304.78,
        219.3787
      ],
      [
        29695.01,
        219.3787
      ],
      [
        31150.23,
        219.3787
      ]
    ]
  },
  "M14": {
    "modulo": "M14",
    "algoritmo": "ALOE",
    "costo_incumbente": 270.7279,
    "tiempo_seg": 250208.62,
    "n_evaluaciones": 1798,
    "incumbente": {
      "cupos_ecografia_matrona": 30,
      "cupos_ecografia_ugd": 30,
      "cupos_laboratorio_ugd": 60,
      "dias_publicacion": 6,
      "horas_control_post": 45,
      "horas_especialista_1ra": 19,
      "num_agentes_ugd": 2,
      "num_matronas": 2,
      "pct_bloqueo_1ra": 0.275,
      "pct_bloqueo_post_control": 0.275,
      "pct_consultas_vacias": 0.275,
      "pct_no_contactabilidad": 0.275
    },